epoch,step,train_MAE,train_RMSE,train_Total_Loss,val_MAE,val_RMSE,val_Total_Loss
0,7,,,,1.7038002014160156,1.8073530197143555,3.2814993858337402
0,7,2.0101215839385986,2.0788638591766357,4.417820930480957,,,
1,15,,,,0.8462406992912292,0.9941824078559875,1.0521233081817627
1,15,1.0195729732513428,1.2102763652801514,1.5776641368865967,,,
2,23,,,,0.8081638216972351,0.9734848141670227,1.0037057399749756
2,23,0.7308676242828369,0.9033411145210266,0.9880716800689697,,,
