temperature,T_inverse,D_cm2_s,D_std,log10_D,conductivity,log10_conductivity,volume_cm3,n_carriers,msd_A2ps
300,3.3333333333333335,-0.0006887863787502856,0.0,,-7.243477946148311,,5.893235671039995e-22,1,-41.32718272501714
500,2.0,-0.00028149671293231323,0.0,,-1.7761807970749806,,5.893235671039995e-22,1,-16.889802775938794
700,1.4285714285714286,-0.00022170586968213964,0.0,,-0.9992243254336799,,5.893235671039995e-22,1,-13.302352180928377
900,1.1111111111111112,0.0012244292078508845,0.0,-2.9120663191782863,4.292151256813768,0.6326750182431418,5.893235671039995e-22,1,73.46575247105307
1000,1.0,2712.803570584817,0.0,3.4334183483876437,8558589.4735968,6.932402195248397,5.893235671039997e-22,1,162768214.235089
1200,0.8333333333333334,0.005295373266634471,0.0,-2.2761034214061513,13.921921461006473,1.1436991794069766,5.893235671039995e-22,1,317.7223959980683
1500,0.6666666666666666,0.014691898230003265,0.0,-1.8329220886510758,30.9008552141145,1.4899704991539957,5.893235671039995e-22,1,881.513893800196
