temperature,T_inverse,D_cm2_s,D_std,log10_D,conductivity,log10_conductivity,volume_cm3,n_carriers,msd_A2ps
500,2.0,126.19130429532373,0.0,2.1010294291817186,6369909.449027047,6.804133258698396,5.893235671039995e-22,8,7571478.257719424
700,1.4285714285714286,110.34802674257658,0.0,2.0427645714580493,3978692.408743975,6.599740365296489,5.893235671039995e-22,8,6620881.604554595
1000,1.0,96.40782134567382,0.0,1.984112268648448,2433246.4728026274,6.386186102501144,5.893235671039995e-22,8,5784469.28074043
