epoch,step,test_MAE,test_RMSE,test_Total_Loss,train_MAE,train_RMSE,train_Total_Loss,val_MAE,val_RMSE,val_Total_Loss
0,0,,,,,,,2.1620535850524902,2.3495333194732666,5.5203070640563965
0,0,,,,2.2595698833465576,2.343174695968628,5.4904680252075195,,,
1,1,,,,,,,2.1306467056274414,2.3157999515533447,5.362929821014404
1,1,,,,2.221769094467163,2.3064165115356445,5.3195576667785645,,,
2,2,2.055201768875122,2.183253526687622,4.76659631729126,,,,,,
