epoch,step,test_MAE,test_RMSE,test_Total_Loss,train_MAE,train_RMSE,train_Total_Loss,val_MAE,val_RMSE,val_Total_Loss
0,0,,,,,,,2.142449378967285,2.3209469318389893,5.386794567108154
0,0,,,,2.21816349029541,2.303434371948242,5.305809497833252,,,
1,1,,,,,,,2.105705499649048,2.2801735401153564,5.199191093444824
1,1,,,,2.1722846031188965,2.258042335510254,5.0987548828125,,,
2,2,1.9977779388427734,2.1259918212890625,4.519841194152832,,,,,,
