epoch,step,val_MAE,val_RMSE,val_Total_Loss
0,7,0.3003159165382385,0.41465824842453003,0.23376354575157166
