epoch,step,test_MAE,test_RMSE,test_Total_Loss,train_MAE,train_RMSE,train_Total_Loss,val_MAE,val_RMSE,val_Total_Loss
0,0,,,,,,,2.270501136779785,2.4980764389038086,6.240386009216309
0,0,,,,2.449843168258667,2.5281012058258057,6.391295909881592,,,
1,1,,,,,,,2.2361505031585693,2.461191415786743,6.057462692260742
1,1,,,,2.406181812286377,2.4858720302581787,6.179559230804443,,,
2,2,2.2273669242858887,2.3570947647094727,5.555896282196045,,,,,,
