epoch,step,test_MAE,test_RMSE,test_Total_Loss,train_MAE,train_RMSE,train_Total_Loss,val_MAE,val_RMSE,val_Total_Loss
0,0,,,,,,,2.2837343215942383,2.511458158493042,6.307421684265137
0,0,,,,2.4587886333465576,2.5364973545074463,6.43381929397583,,,
1,1,,,,,,,2.248934268951416,2.4724807739257812,6.113160610198975
1,1,,,,2.4131228923797607,2.492222309112549,6.211172103881836,,,
2,2,2.2289302349090576,2.357710599899292,5.558799743652344,,,,,,
