test_Total_Loss,test_MAE,test_RMSE
4.772410869598389,2.0396571159362793,2.184584856033325
