test_Total_Loss,test_MAE,test_RMSE
0.39259621500968933,0.35072579979896545,0.6265749931335449
