test_Total_Loss,test_MAE,test_RMSE
0.33935102820396423,0.3845645487308502,0.5825384259223938
