test_Total_Loss,test_MAE,test_RMSE
5.258240699768066,2.164085626602173,2.2930853366851807
