epoch,step,val_MAE,val_RMSE,val_Total_Loss
0,7,0.30694779753685,0.41016992926597595,0.2371641844511032
