epoch,step,test_MAE,test_RMSE,test_Total_Loss,train_MAE,train_RMSE,train_Total_Loss,val_MAE,val_RMSE,val_Total_Loss
0,1,,,,,,,2.302926540374756,2.38163685798645,5.672194480895996
0,1,,,,2.2323074340820312,2.3180348873138428,5.373310565948486,,,
1,3,,,,,,,2.238229274749756,2.316136121749878,5.364486217498779
1,3,,,,2.1685056686401367,2.255887746810913,5.0925116539001465,,,
2,4,2.0396571159362793,2.184584856033325,4.772410869598389,,,,,,
